{"cameraMode":{"drawMode":0,"name":"Shaded","section":"Shading Mode"},"sceneLighting":true,"audioPlay":false,"sceneViewState":{"showFog":true,"showMaterialUpdate":false,"showSkybox":true,"showFlares":true,"showImageEffects":true,"showParticleSystems":true},"in2DMode":false,"pivot":{"x":-8.042890548706055,"y":1.1739568710327149,"z":-0.6710031032562256},"rotation":{"x":-0.009098263457417488,"y":0.9908998608589172,"z":-0.09423861652612686,"w":-0.09567570686340332},"size":4.049424648284912,"orthographic":false}