{"cameraMode":{"drawMode":0,"name":"Shaded","section":"Shading Mode"},"sceneLighting":true,"audioPlay":false,"sceneViewState":{"showFog":true,"showMaterialUpdate":false,"showSkybox":false,"showFlares":true,"showImageEffects":true,"showParticleSystems":true},"in2DMode":false,"pivot":{"x":-15.010638236999512,"y":4.785902976989746,"z":23.988527297973634},"rotation":{"x":-0.07738851755857468,"y":-0.9223312735557556,"z":0.2555762231349945,"w":-0.27927926182746889},"size":109.48194122314453,"orthographic":false}